{
  "ARTS CULTURE ENTERTAINMENT": [
    [9703, 9757, 9789, 9834, 9952, 9996],
    0.5,
    1.0,
    0.6666666666666666
  ],
  "BIOGRAPHIES PERSONALITIES PEOPLE": [
    [9645, 9797, 9830, 9854, 9905, 9940, 9955],
    0.5714285714285714,
    0.26666666666666666,
    0.36363636363636365
  ],
  "DEFENCE": [
    [9559, 9576, 9607, 9616, 9670, 9721, 9731, 9759, 9770, 9773],
    0.7,
    0.5384615384615384,
    0.608695652173913
  ],
  "DOMESTIC MARKETS": [
    [9519, 9692, 9750, 9796, 9989, 9994],
    0.3333333333333333,
    1.0,
    0.5
  ],
  "FOREX MARKETS": [
    [9548, 9551, 9565, 9588, 9632, 9682, 9693, 9729, 9977, 9986],
    0.4,
    0.08333333333333333,
    0.13793103448275862
  ],
  "HEALTH": [
    [9617, 9661, 9735, 9807, 9810, 9833, 9873, 9904, 9911, 9988],
    0.8,
    0.5714285714285714,
    0.6666666666666666
  ],
  "IRRELEVANT": [
    [9651, 9652, 9654, 9719, 9785, 9841, 9846, 9859, 9888, 9932],
    0.9,
    0.03383458646616541,
    0.06521739130434782
  ],
  "MONEY MARKETS": [
    [9516, 9602, 9618, 9707, 9755, 9761, 9765, 9769, 9871, 9998],
    0.7,
    0.10144927536231885,
    0.17721518987341772
  ],
  "SCIENCE AND TECHNOLOGY": [
    [9604, 9929, 9982],
    0.6666666666666666,
    0.6666666666666666,
    0.6666666666666666
  ],
  "SHARE LISTINGS": [
    [9518, 9562, 9601, 9655, 9666, 9667, 9688, 9715, 9730, 9876],
    0.4,
    0.5714285714285714,
    0.47058823529411764
  ],
  "SPORTS": [
    [9574, 9596, 9656, 9663, 9760, 9832, 9857, 9919, 9942, 9997],
    1.0,
    0.16666666666666666,
    0.2857142857142857
  ]
}
